Customer Key,Name,Total Order,Revenue
11433,Mr. Maurice Shan,6,
11439,Mrs. Janet Munoz,6,
11241,Mrs. Lisa Cai,7,
11417,Mrs. Lacey Zheng,7,
11420,Mr. Jordan Turner,7,
11242,Mr. Larry Munoz,7,
11425,Mrs. Ariana Gray,6,
11429,Mr. Marco Lopez,7,
12308,Mrs. Margaret He,4,
11875,Mrs. Jonathan Li,7,$8771
12708,Dr. Paul Wang,6,$11465
12817,Ms. Jonathan Huang,4,$11310
11112,Mrs. Debra Cheng,5,$11779
12917,Mrs. Michelle Xu,5,$12287
11674,Ms. Jack Liu,7,$10124
11476,Mrs. Donald Wang,7,$8595
11579,Mr. Ryan Wang,6,$12964
12676,Ms. Joseph Yang,7,$10368
11960,Dr. Kevin Wang,6,$12966
12406,Mr. Kenneth Liu,4,$11003
11538,Mrs. Daniel Li,5,$12092
12134,Mr. Patrick Zhang,6,$8795
12373,Mr. Julie Yang,7,$12421
12373,Dr. Donna Cheng,4,$12572
12109,Dr. Michael Wang,5,$9120
11666,Mrs. James Song,5,$11120
12443,Mrs. Thomas Zhao,6,$10138
11064,Ms. Steven Ma,6,$9960
11521,Mr. Margaret Li,6,$9063
11736,Ms. Sharon Xu,4,$9174
11729,Dr. Samantha Zhang,7,$10232
11976,Ms. Robert Huang,7,$11156
12213,Mr. Michael Wang,4,$10391
12414,Mrs. Elizabeth Li,5,$10559
11642,Mr. Scott Zhang,6,$12813
11306,Mr. Rebecca Zhao,5,$12117
12841,Mr. Daniel Xu,5,$10547
11511,Ms. Steven Zhang,4,$10004
12993,Dr. Katherine Wang,4,$12357
12030,Dr. Jason Yang,4,$12944
12773,Dr. Joshua Chen,4,$8837
12820,Ms. Jacob Liu,7,$12686
11757,Ms. Nancy Liu,4,$10761
11252,Mr. Daniel Wang,4,$10778
11205,Mrs. Sharon Zhang,4,$9439
12663,Dr. Jacob Zhou,4,$11134
12541,Ms. Gary Liu,4,$12125
11525,Mr. Alexander Wang,5,$10519
12437,Mr. Stephanie Zhou,7,$12614
11505,Dr. Matthew Li,4,$8902
12700,Mrs. Mary Xu,5,$11418
11175,Mrs. Heather Ma,4,$11602
12582,Dr. Stephanie Wu,7,$10233
12703,Mrs. Jack Zhang,4,$11562
11558,Ms. Barbara Song,6,$9977
12779,Mrs. Ryan Wang,6,$12119
12171,Dr. Sandra Ma,7,$12699
11402,Mrs. Katherine Chen,6,$9686
12270,Ms. Sandra Chen,4,$11018
12277,Mr. Olivia Wang,6,$9914
12772,Ms. Sharon Duan,5,$12591
12086,Mrs. Stephanie Huang,4,$10388
12135,Mrs. Anthony Xu,4,$11743
12136,Dr. George Qian,6,$10508
11841,Mr. Patrick Wu,7,$11113
11083,Ms. Katherine Xu,7,$10964
12522,Dr. Jack Zhao,5,$10656
12663,Dr. Raymond Zhou,6,$9417
12154,Ms. Christine Ma,7,$10727
11389,Ms. Sandra Zhang,7,$9782
12062,Ms. Frank Zhao,6,$9306
11125,Ms. Michael Yang,6,$9885
11445,Dr. Steven Zhao,7,$12151
12877,Ms. Alexander Zhou,6,$9943
12940,Mr. Christine Huang,5,$10504
11904,Mrs. Edward Chen,6,$8956
12581,Dr. Joshua Yang,4,$12447
12327,Mrs. David Huang,6,$9346
12367,Ms. Paul Li,7,$8794
11645,Ms. Benjamin Xu,4,$12780
11029,Ms. Rebecca Zhang,7,$9239
12469,Ms. Gary Zhang,5,$9146
11739,Mrs. Frank Wu,6,$10732
12078,Ms. Jeffrey Huang,4,$10925
11338,Mrs. Jeffrey Cheng,6,$9086
11437,Ms. Jack Zhang,7,$10979
12121,Mrs. Stephanie Liu,5,$8943
11145,Dr. Rebecca Ma,4,$9103
12675,Dr. Amanda Zhao,7,$11518
12994,Mrs. Debra Xu,5,$9972
12928,Mr. Sandra Duan,7,$9733
11252,Mrs. Robert Zhang,4,$10791
12074,Mr. Pamela Zhang,6,$12120
11995,Mrs. Gregory Wu,5,$12874
11748,Dr. Janet Qian,7,$9565
12913,Dr. Nancy Song,7,$12068
12074,Ms. Mark Zhou,6,$11286
11131,Mr. Eric Cheng,4,$9546
12524,Mrs. Rebecca Xu,7,$12266
12336,Dr. Mary Li,4,$10984
